naif_id,jd_tdb,x_km,y_km,z_km,vx_km_s,vy_km_s,vz_km_s,name,center,frame,window_size
20000001,2460400.0,3200000000.0,-750000000.0,410000000.0,659.722222,219.907407,-92.592593,CustomBodyA,10,1,7
20000001,2460401.0,3257000000.0,-731000000.0,402000000.0,659.722222,219.907407,-92.592593,CustomBodyA,10,1,7
20000002,2460400.0,-2800000000.0,1600000000.0,900000000.0,-509.259259,266.203704,127.314815,CustomBodyB,10,1,7
20000002,2460401.0,-2844000000.0,1623000000.0,911000000.0,-509.259259,266.203704,127.314815,CustomBodyB,10,1,7
